palavra_chave,score
Gen AI,5
copilots,5
ai copilot tools,5
llm suite,5
agentic ai,5
open finance,5
embedded finance,5
asset tokenization,5
embedded finance,5
generative AI,4
digital twins,4
platform business models,4
AI-as-a-service,4
platform economy,4
multisided platforms,4
customer data platforms,4
intelligent automation,4
workflow automation,4
robotic process automation,4
AI fluency,4
sustainable innovation,4
ethical AI,4
technology-driven sustainability,4
AI,4
efficiency gains,4
intelligent automation,4
RPA,4
ai-powered,4
domain-specific large language models,4
cloud-native,4
cloud platforms,4
cloud-native wealth management,4
compliance automation,4
multi-rail,4
multi-rail,4
blockchain,4
sustainability,4
sustainable lending,4
digital customer experience,3
hyper-personalization,3
customer profiling,3
customer centricity,3
digital journeys,3
omnichannel experience,3
user experience,3
data-driven decision-making,3
digital workflows,3
cloud journey,3
data-driven,3
360-degree customer footprint,3
onboarding efficiency,3
digital onboarding,3
customer experience,3
seamless experience,3
personalization,3
customer journey,3
gamify,3
financial literacy,3
financial literacy,3
IT governance,2
cyber-physical systems,2
digital governance,2
cybersecurity,2
cyber resilience,2
digital risk management,2
regulatory compliance,2
digital resilience,2
operational resilience,2
cybersecurity,2
RegTech,2
compliance costs,2
digital risk,2
risk management,2
digital identity,2
KYC,2
perpetual kyc,2
identity wallet,2
self-sovereign identity,2
decentralized identity,2
federated identity,2
identity verification,2
digital identity management,2
singpass,2
climate risk,2
esg compliance,2
regtech,2
regulatory reporting,2
digital operational resilience,2
digital transformation strategy,1
strategic alignment,1
digital capabilities,1
dynamic capabilities,1
agility,1
scalability,1
IT-business alignment,1
digital acceleration,1
digital mobilization,1
innovation readiness,1
organizational ambidexterity,1
technology assimilation,1
big data,1
big data analytics,1
data analytics capabilities,1
data lake,1
IoT,1
Internet of Things,1
5G,1
SMACIT,1
social technologies,1
mobile technologies,1
analytics,1
cloud,1
edge computing,1
API economy,1
microservices,1
generative technologies,1
intelligent systems,1
decision support systems,1
sensor networks,1
agile culture,1
digital culture,1
digital mindset,1
tech-savvy leadership,1
adaptive leadership,1
change readiness,1
permeable organizations,1
boundaryless organizations,1
holacracy,1
digital-native,1
post-bureaucratic structures,1
remote workforce,1
distributed teams,1
virtual collaboration,1
cross-functional teams,1
digital business models,1
servitization,1
as-a-service models,1
data-as-a-service,1
ecosystem orchestration,1
value co-creation,1
freemium,1
modular offerings,1
smart products,1
connected products,1
customized products,1
digital services,1
subscription models,1
digital channels,1
digital ecosystems,1
business ecosystems,1
digital business ecosystems,1
ecosystem integration,1
ecosystem strategy,1
partner networks,1
open APIs,1
interoperability,1
network orchestration,1
value networks,1
collaborative innovation,1
open innovation,1
crowdsourcing,1
start-up partnerships,1
venture ecosystems,1
digital convergence,1
real-time interaction,1
context-aware services,1
mass customization,1
virtual business processes,1
real-time dashboards,1
smart operations,1
digital operations,1
operational transparency,1
information security,1
data privacy,1
GDPR,1
network security,1
zero trust architecture,1
digital sovereignty,1
regulatory frameworks,1
digital skills,1
digital literacy,1
reskilling,1
upskilling,1
continuous learning,1
future of work,1
talent agility,1
workforce transformation,1
digital leadership programs,1
learning ecosystems,1
digital academies,1
green IT,1
carbon accounting,1
tech for good,1
digital inclusion,1
responsible innovation,1
inclusive technology,1
organizational change,1
episodic change,1
continuous change,1
technology impact,1
systemic shift,1
holistic co-evolution,1
digital ecodynamics,1
digital turbulence,1
disruption,1
transformation drivers,1
configurational theory,1
multilevel analysis,1
artificial intelligence,1
machine learning,1
autonomous agents,1
digital workforce,1
intelligent transformation,1
cloud,1
cloud-based,1
data monetization,1
real-time access,1
data sharing,1
wealth 360,1
DORA,1
oneid,1
CX,1
omnichannel,1
connected marketing,1
hyper-personalized advisory,1
personalized financial insights,1
interbank account data,1
account data sharing,1
instant payment,1
cross-border payments,1
payment hubs,1
remittance transformation,1
pos innovations,1
instant payments,1
POS innovations,1
payment hubs,1
DLT,1
esg,1
green finance,1
net zero,1
greenwashing,1
greenhushing,1
decarbonization,1
esg product strategy,1
climate modeling,1
dora,1
Equipment-as-a-Service,1
financial inclusion,1
next-gen banking,1
financial inclusion,1
youth banking,1
greenlight,1
starter credit cards,1
family app,1
financial education,1
money skills,1
